text,label
I want to file a complaint,complaint
Track my order please,query
What is the delivery status,query
This product is bad,complaint
Where is my order,query
Thank you very much,feedback
I need assistance with payment,request
Can you help me reset my account,request
I want a refund,complaint
This product is bad,complaint
Great service,feedback
What is the delivery status,query
Excellent support,feedback
Please help me,request
Great service,feedback
What is the delivery status,query
Where is my order,query
Very disappointed with the service,complaint
Excellent support,feedback
I am not happy with the service,complaint
Excellent support,feedback
When will my package arrive,query
Help me with this issue,request
I am happy with the service,feedback
This product is bad,complaint
Thank you very much,feedback
Excellent support,feedback
Very satisfied,feedback
I am not happy with the service,complaint
Can you tell me my order details,query
I am happy with the service,feedback
I am happy with the service,feedback
Where is my order,query
Very satisfied,feedback
Can you help me reset my account,request
Please help me,request
Can you tell me my order details,query
I am happy with the service,feedback
Can you help me reset my account,request
What is the delivery status,query
Track my order please,query
I need assistance with payment,request
Great service,feedback
Can you tell me my order details,query
I need assistance with payment,request
Where is my order,query
Where is my order,query
Can you help me reset my account,request
I am happy with the service,feedback
I am happy with the service,feedback
I need assistance with payment,request
Thank you very much,feedback
I need assistance with payment,request
Very disappointed with the service,complaint
Very disappointed with the service,complaint
Thank you very much,feedback
What is the delivery status,query
I want to file a complaint,complaint
I need support,request
This product is bad,complaint
Very disappointed with the service,complaint
Excellent support,feedback
When will my package arrive,query
I need assistance with payment,request
What is the delivery status,query
I am not happy with the service,complaint
I want a refund,complaint
Can you tell me my order details,query
I am happy with the service,feedback
This product is bad,complaint
I am happy with the service,feedback
Excellent support,feedback
I need support,request
Excellent support,feedback
Very disappointed with the service,complaint
Track my order please,query
Very disappointed with the service,complaint
Excellent support,feedback
Excellent support,feedback
Where is my order,query
Great service,feedback
I want to file a complaint,complaint
Can you tell me my order details,query
Very satisfied,feedback
What is the delivery status,query
Can you tell me my order details,query
Very satisfied,feedback
Please help me,request
Very satisfied,feedback
Great service,feedback
I am happy with the service,feedback
Great service,feedback
This product is bad,complaint
Help me with this issue,request
Excellent support,feedback
I need assistance with payment,request
Thank you very much,feedback
Where is my order,query
Thank you very much,feedback
Can you tell me my order details,query
I want a refund,complaint
Where is my order,query
Thank you very much,feedback
I need assistance with payment,request
I want a refund,complaint
This product is bad,complaint
I am happy with the service,feedback
Great service,feedback
I am happy with the service,feedback
Excellent support,feedback
When will my package arrive,query
Thank you very much,feedback
Can you tell me my order details,query
Excellent support,feedback
This product is bad,complaint
I am happy with the service,feedback
When will my package arrive,query
Very satisfied,feedback
I want to file a complaint,complaint
This product is bad,complaint
Very satisfied,feedback
Please help me,request
Excellent support,feedback
When will my package arrive,query
I want a refund,complaint
I want a refund,complaint
Help me with this issue,request
I want to file a complaint,complaint
Where is my order,query
Can you help me reset my account,request
I want to file a complaint,complaint
I am not happy with the service,complaint
I need support,request
Can you tell me my order details,query
Where is my order,query
Help me with this issue,request
Great service,feedback
Help me with this issue,request
I want to file a complaint,complaint
Excellent support,feedback
Track my order please,query
I want to file a complaint,complaint
I am not happy with the service,complaint
Excellent support,feedback
Excellent support,feedback
When will my package arrive,query
Track my order please,query
Can you tell me my order details,query
Very disappointed with the service,complaint
I want a refund,complaint
This product is bad,complaint
Can you help me reset my account,request
Can you help me reset my account,request
Very satisfied,feedback
Great service,feedback
When will my package arrive,query
I need assistance with payment,request
I want a refund,complaint
I want to file a complaint,complaint
Track my order please,query
Where is my order,query
I want a refund,complaint
I want to file a complaint,complaint
What is the delivery status,query
Where is my order,query
Very disappointed with the service,complaint
Where is my order,query
I need assistance with payment,request
Thank you very much,feedback
Very satisfied,feedback
Very satisfied,feedback
Can you tell me my order details,query
Thank you very much,feedback
I need assistance with payment,request
Help me with this issue,request
What is the delivery status,query
Can you tell me my order details,query
Can you tell me my order details,query
When will my package arrive,query
When will my package arrive,query
What is the delivery status,query
When will my package arrive,query
Where is my order,query
Help me with this issue,request
Very satisfied,feedback
I want to file a complaint,complaint
Great service,feedback
Great service,feedback
Excellent support,feedback
Thank you very much,feedback
Thank you very much,feedback
What is the delivery status,query
Help me with this issue,request
Excellent support,feedback
This product is bad,complaint
Can you tell me my order details,query
Where is my order,query
When will my package arrive,query
Very satisfied,feedback
Very satisfied,feedback
Help me with this issue,request
I am happy with the service,feedback
Help me with this issue,request
I need support,request
I want to file a complaint,complaint
Very disappointed with the service,complaint
Help me with this issue,request
I am not happy with the service,complaint
I need support,request
I need support,request
When will my package arrive,query
Very satisfied,feedback
Help me with this issue,request
Excellent support,feedback
I want to file a complaint,complaint
I am not happy with the service,complaint
What is the delivery status,query
Can you tell me my order details,query
Where is my order,query
I am happy with the service,feedback
Great service,feedback
I am not happy with the service,complaint
I am not happy with the service,complaint
Please help me,request
I want to file a complaint,complaint
I want to file a complaint,complaint
Can you help me reset my account,request
Track my order please,query
Thank you very much,feedback
Can you help me reset my account,request
I want to file a complaint,complaint
Thank you very much,feedback
I want to file a complaint,complaint
This product is bad,complaint
Great service,feedback
This product is bad,complaint
I am not happy with the service,complaint
Please help me,request
Thank you very much,feedback
What is the delivery status,query
Very satisfied,feedback
I need support,request
Great service,feedback
This product is bad,complaint
I want a refund,complaint
When will my package arrive,query
Please help me,request
Can you tell me my order details,query
What is the delivery status,query
Please help me,request
This product is bad,complaint
Can you tell me my order details,query
Very disappointed with the service,complaint
Can you tell me my order details,query
What is the delivery status,query
I am happy with the service,feedback
Help me with this issue,request
Very disappointed with the service,complaint
I am not happy with the service,complaint
I need support,request
I want to file a complaint,complaint
Very disappointed with the service,complaint
Excellent support,feedback
This product is bad,complaint
I am happy with the service,feedback
Help me with this issue,request
This product is bad,complaint
Can you tell me my order details,query
Excellent support,feedback
Very disappointed with the service,complaint
I want a refund,complaint
Can you tell me my order details,query
Can you help me reset my account,request
Very satisfied,feedback
I want a refund,complaint
I need support,request
I am happy with the service,feedback
I want a refund,complaint
I am happy with the service,feedback
I am happy with the service,feedback
I need assistance with payment,request
Where is my order,query
Help me with this issue,request
Very satisfied,feedback
I am happy with the service,feedback
This product is bad,complaint
Can you help me reset my account,request
What is the delivery status,query
Excellent support,feedback
Help me with this issue,request
When will my package arrive,query
Very satisfied,feedback
Can you help me reset my account,request
Can you help me reset my account,request
Excellent support,feedback
Thank you very much,feedback
Help me with this issue,request
I need support,request
Thank you very much,feedback
Very satisfied,feedback
I need assistance with payment,request
Please help me,request
I need support,request
This product is bad,complaint
This product is bad,complaint
Thank you very much,feedback
Track my order please,query
I want to file a complaint,complaint
Please help me,request
Track my order please,query
Very satisfied,feedback
This product is bad,complaint
Very disappointed with the service,complaint
Can you tell me my order details,query
This product is bad,complaint
I need assistance with payment,request
Can you tell me my order details,query
Thank you very much,feedback
I need assistance with payment,request
When will my package arrive,query
Help me with this issue,request
I need assistance with payment,request
Please help me,request
Very disappointed with the service,complaint
Very satisfied,feedback
Can you help me reset my account,request
Can you help me reset my account,request
I am happy with the service,feedback
Excellent support,feedback
I need assistance with payment,request
Thank you very much,feedback
Help me with this issue,request
I am happy with the service,feedback
Help me with this issue,request
Can you help me reset my account,request
Track my order please,query
I need support,request
Please help me,request
Excellent support,feedback
I want to file a complaint,complaint
Can you help me reset my account,request
I need support,request
Help me with this issue,request
Very disappointed with the service,complaint
What is the delivery status,query
Excellent support,feedback
Great service,feedback
What is the delivery status,query
When will my package arrive,query
Very disappointed with the service,complaint
Thank you very much,feedback
Can you help me reset my account,request
I want a refund,complaint
Where is my order,query
Can you tell me my order details,query
I want a refund,complaint
Where is my order,query
I am not happy with the service,complaint
This product is bad,complaint
Very satisfied,feedback
I need assistance with payment,request
Can you help me reset my account,request
When will my package arrive,query
Help me with this issue,request
Please help me,request
I want a refund,complaint
I need assistance with payment,request
I want a refund,complaint
I need support,request
What is the delivery status,query
I need support,request
Help me with this issue,request
Where is my order,query
When will my package arrive,query
Where is my order,query
Great service,feedback
This product is bad,complaint
Great service,feedback
Excellent support,feedback
I want to file a complaint,complaint
Can you help me reset my account,request
Please help me,request
What is the delivery status,query
Can you help me reset my account,request
I need support,request
I am not happy with the service,complaint
I want to file a complaint,complaint
Please help me,request
Can you tell me my order details,query
I need assistance with payment,request
I want to file a complaint,complaint
I need support,request
Can you tell me my order details,query
Track my order please,query
Great service,feedback
Track my order please,query
I am not happy with the service,complaint
Very satisfied,feedback
What is the delivery status,query
Please help me,request
Excellent support,feedback
This product is bad,complaint
I need support,request
When will my package arrive,query
Very satisfied,feedback
Can you tell me my order details,query
I need support,request
I need support,request
Where is my order,query
I am happy with the service,feedback
Can you help me reset my account,request
Please help me,request
Excellent support,feedback
Very satisfied,feedback
Excellent support,feedback
I am not happy with the service,complaint
Excellent support,feedback
When will my package arrive,query
I need assistance with payment,request
I want to file a complaint,complaint
Where is my order,query
Thank you very much,feedback
I want a refund,complaint
This product is bad,complaint
I need support,request
I need support,request
Please help me,request
Track my order please,query
I need assistance with payment,request
Very disappointed with the service,complaint
I want to file a complaint,complaint
I want a refund,complaint
I need assistance with payment,request
Can you tell me my order details,query
This product is bad,complaint
Thank you very much,feedback
I am happy with the service,feedback
I need assistance with payment,request
I need assistance with payment,request
Please help me,request
Great service,feedback
This product is bad,complaint
When will my package arrive,query
When will my package arrive,query
Track my order please,query
Excellent support,feedback
I need assistance with payment,request
Help me with this issue,request
Can you help me reset my account,request
I need support,request
Track my order please,query
Track my order please,query
Can you help me reset my account,request
Excellent support,feedback
What is the delivery status,query
Great service,feedback
I want a refund,complaint
Track my order please,query
I need support,request
Thank you very much,feedback
Very disappointed with the service,complaint
Track my order please,query
I need assistance with payment,request
Great service,feedback
Very satisfied,feedback
I want a refund,complaint
I want to file a complaint,complaint
Where is my order,query
I want a refund,complaint
Thank you very much,feedback
I want to file a complaint,complaint
I want a refund,complaint
I need assistance with payment,request
Great service,feedback
I need support,request
Very disappointed with the service,complaint
Track my order please,query
I want to file a complaint,complaint
Help me with this issue,request
I am happy with the service,feedback
What is the delivery status,query
I am happy with the service,feedback
Excellent support,feedback
Track my order please,query
What is the delivery status,query
I need support,request
Help me with this issue,request
Please help me,request
I am not happy with the service,complaint
What is the delivery status,query
Thank you very much,feedback
This product is bad,complaint
I want to file a complaint,complaint
What is the delivery status,query
Thank you very much,feedback
Thank you very much,feedback
I am happy with the service,feedback
When will my package arrive,query
Can you tell me my order details,query
Can you help me reset my account,request
I want to file a complaint,complaint
Can you tell me my order details,query
Help me with this issue,request
Thank you very much,feedback
I am happy with the service,feedback
Great service,feedback
I want a refund,complaint
Where is my order,query
I want to file a complaint,complaint
Can you tell me my order details,query
Great service,feedback
I need support,request
This product is bad,complaint
I need assistance with payment,request
Track my order please,query
What is the delivery status,query
I want a refund,complaint
Very disappointed with the service,complaint
Can you tell me my order details,query
I need assistance with payment,request
Help me with this issue,request
Excellent support,feedback
What is the delivery status,query
This product is bad,complaint
Thank you very much,feedback
Excellent support,feedback
What is the delivery status,query
I want to file a complaint,complaint
Where is my order,query
I am not happy with the service,complaint
Very disappointed with the service,complaint
Very satisfied,feedback
What is the delivery status,query
Please help me,request
Where is my order,query
Track my order please,query
Where is my order,query
I want to file a complaint,complaint
Please help me,request
This product is bad,complaint
I need support,request
Where is my order,query
Very satisfied,feedback
I want to file a complaint,complaint
I want to file a complaint,complaint
I want to file a complaint,complaint
Where is my order,query
I am not happy with the service,complaint
Excellent support,feedback
This product is bad,complaint
Very satisfied,feedback
I need assistance with payment,request
Please help me,request
Very satisfied,feedback
Great service,feedback
Thank you very much,feedback
Very satisfied,feedback
Excellent support,feedback
I need assistance with payment,request
Please help me,request
I am not happy with the service,complaint
Excellent support,feedback
Very satisfied,feedback
I am not happy with the service,complaint
I am happy with the service,feedback
Great service,feedback
Great service,feedback
Excellent support,feedback
Help me with this issue,request
When will my package arrive,query
Track my order please,query
I need support,request
Please help me,request
When will my package arrive,query
Can you tell me my order details,query
Help me with this issue,request
I want to file a complaint,complaint
Can you tell me my order details,query
Great service,feedback
When will my package arrive,query
Where is my order,query
I am happy with the service,feedback
This product is bad,complaint
What is the delivery status,query
I need assistance with payment,request
Very satisfied,feedback
Can you tell me my order details,query
Please help me,request
Thank you very much,feedback
Excellent support,feedback
Excellent support,feedback
Can you tell me my order details,query
I need support,request
Please help me,request
Where is my order,query
Can you help me reset my account,request
Excellent support,feedback
Thank you very much,feedback
Where is my order,query
Very disappointed with the service,complaint
I need assistance with payment,request
Can you help me reset my account,request
Can you help me reset my account,request
This product is bad,complaint
I am happy with the service,feedback
Can you tell me my order details,query
Very disappointed with the service,complaint
Very disappointed with the service,complaint
Thank you very much,feedback
I want a refund,complaint
I want to file a complaint,complaint
Help me with this issue,request
Can you help me reset my account,request
I need assistance with payment,request
Track my order please,query
Help me with this issue,request
This product is bad,complaint
Where is my order,query
I want to file a complaint,complaint
I need support,request
Can you help me reset my account,request
I need support,request
What is the delivery status,query
When will my package arrive,query
I am not happy with the service,complaint
I want to file a complaint,complaint
Can you help me reset my account,request
Thank you very much,feedback
Great service,feedback
Where is my order,query
Track my order please,query
Very satisfied,feedback
Very disappointed with the service,complaint
Help me with this issue,request
Please help me,request
I am not happy with the service,complaint
I am happy with the service,feedback
I need assistance with payment,request
What is the delivery status,query
Thank you very much,feedback
I am happy with the service,feedback
What is the delivery status,query
I am not happy with the service,complaint
This product is bad,complaint
What is the delivery status,query
This product is bad,complaint
Please help me,request
Very satisfied,feedback
Thank you very much,feedback
Help me with this issue,request
I need assistance with payment,request
I am not happy with the service,complaint
I want to file a complaint,complaint
Please help me,request
I am happy with the service,feedback
Where is my order,query
Where is my order,query
This product is bad,complaint
Please help me,request
Can you help me reset my account,request
Where is my order,query
Great service,feedback
I need assistance with payment,request
I am not happy with the service,complaint
I am happy with the service,feedback
Can you tell me my order details,query
Can you help me reset my account,request
Can you tell me my order details,query
Please help me,request
Can you help me reset my account,request
When will my package arrive,query
Can you tell me my order details,query
Can you help me reset my account,request
Thank you very much,feedback
Help me with this issue,request
Thank you very much,feedback
This product is bad,complaint
Please help me,request
Help me with this issue,request
When will my package arrive,query
I need support,request
This product is bad,complaint
I am happy with the service,feedback
Can you tell me my order details,query
Where is my order,query
Great service,feedback
Track my order please,query
I want a refund,complaint
Excellent support,feedback
I want a refund,complaint
I want a refund,complaint
I want a refund,complaint
Help me with this issue,request
I need support,request
I want a refund,complaint
Very satisfied,feedback
I want a refund,complaint
Can you tell me my order details,query
Can you tell me my order details,query
Track my order please,query
Excellent support,feedback
Can you tell me my order details,query
This product is bad,complaint
I am not happy with the service,complaint
Excellent support,feedback
I want a refund,complaint
Help me with this issue,request
Thank you very much,feedback
What is the delivery status,query
I want a refund,complaint
This product is bad,complaint
Help me with this issue,request
Can you help me reset my account,request
Help me with this issue,request
Where is my order,query
Where is my order,query
Very satisfied,feedback
What is the delivery status,query
I am happy with the service,feedback
Can you tell me my order details,query
This product is bad,complaint
Help me with this issue,request
Help me with this issue,request
I am not happy with the service,complaint
I need assistance with payment,request
Very satisfied,feedback
Very satisfied,feedback
Very disappointed with the service,complaint
What is the delivery status,query
I am happy with the service,feedback
I am happy with the service,feedback
I want a refund,complaint
Very satisfied,feedback
What is the delivery status,query
Track my order please,query
Track my order please,query
I want a refund,complaint
I am happy with the service,feedback
Help me with this issue,request
Great service,feedback
I need assistance with payment,request
Help me with this issue,request
I want a refund,complaint
I want to file a complaint,complaint
I want a refund,complaint
I am happy with the service,feedback
I need assistance with payment,request
I need assistance with payment,request
Please help me,request
What is the delivery status,query
I am not happy with the service,complaint
I want to file a complaint,complaint
What is the delivery status,query
I want a refund,complaint
I am happy with the service,feedback
Can you help me reset my account,request
I want a refund,complaint
Very satisfied,feedback
I want to file a complaint,complaint
I want to file a complaint,complaint
Great service,feedback
I am not happy with the service,complaint
Where is my order,query
Can you help me reset my account,request
Excellent support,feedback
This product is bad,complaint
Can you tell me my order details,query
When will my package arrive,query
Track my order please,query
Please help me,request
Can you tell me my order details,query
I want a refund,complaint
I am not happy with the service,complaint
Very satisfied,feedback
Can you tell me my order details,query
Very satisfied,feedback
When will my package arrive,query
Excellent support,feedback
Where is my order,query
What is the delivery status,query
Very satisfied,feedback
Please help me,request
Help me with this issue,request
Track my order please,query
I am not happy with the service,complaint
Can you help me reset my account,request
What is the delivery status,query
When will my package arrive,query
I am not happy with the service,complaint
When will my package arrive,query
Where is my order,query
Thank you very much,feedback
Very disappointed with the service,complaint
I want a refund,complaint
What is the delivery status,query
Help me with this issue,request
Can you tell me my order details,query
Very disappointed with the service,complaint
Track my order please,query
I want to file a complaint,complaint
Very disappointed with the service,complaint
I want a refund,complaint
Please help me,request
I want a refund,complaint
When will my package arrive,query
I am happy with the service,feedback
Track my order please,query
I need support,request
I am not happy with the service,complaint
Very satisfied,feedback
I need assistance with payment,request
I need assistance with payment,request
I am happy with the service,feedback
I need support,request
Please help me,request
This product is bad,complaint
Help me with this issue,request
I am happy with the service,feedback
I am not happy with the service,complaint
Help me with this issue,request
Can you tell me my order details,query
Help me with this issue,request
Please help me,request
Please help me,request
Track my order please,query
What is the delivery status,query
What is the delivery status,query
I am happy with the service,feedback
Very satisfied,feedback
Very satisfied,feedback
What is the delivery status,query
Where is my order,query
Track my order please,query
Thank you very much,feedback
When will my package arrive,query
I need support,request
I need assistance with payment,request
This product is bad,complaint
I want a refund,complaint
Thank you very much,feedback
What is the delivery status,query
I am not happy with the service,complaint
What is the delivery status,query
Help me with this issue,request
Excellent support,feedback
Very satisfied,feedback
Very disappointed with the service,complaint
I need assistance with payment,request
Please help me,request
Track my order please,query
I want to file a complaint,complaint
This product is bad,complaint
I want a refund,complaint
I want a refund,complaint
This product is bad,complaint
I am not happy with the service,complaint
What is the delivery status,query
When will my package arrive,query
Please help me,request
I am not happy with the service,complaint
Track my order please,query
I need assistance with payment,request
I want to file a complaint,complaint
Very satisfied,feedback
I am happy with the service,feedback
What is the delivery status,query
Can you tell me my order details,query
Can you help me reset my account,request
Can you tell me my order details,query
Thank you very much,feedback
I am not happy with the service,complaint
What is the delivery status,query
I need support,request
This product is bad,complaint
When will my package arrive,query
Can you help me reset my account,request
I want to file a complaint,complaint
I am not happy with the service,complaint
Can you help me reset my account,request
Where is my order,query
Very disappointed with the service,complaint
I am not happy with the service,complaint
I want to file a complaint,complaint
Can you tell me my order details,query
What is the delivery status,query
What is the delivery status,query
Track my order please,query
Very disappointed with the service,complaint
I want to file a complaint,complaint
Can you help me reset my account,request
Where is my order,query
Please help me,request
Excellent support,feedback
When will my package arrive,query
Excellent support,feedback
I am not happy with the service,complaint
Please help me,request
Please help me,request
I need assistance with payment,request
Can you tell me my order details,query
Great service,feedback
Very disappointed with the service,complaint
Please help me,request
Thank you very much,feedback
This product is bad,complaint
Please help me,request
Please help me,request
Thank you very much,feedback
This product is bad,complaint
I am happy with the service,feedback
Can you help me reset my account,request
Very satisfied,feedback
I need support,request
What is the delivery status,query
Track my order please,query
Very satisfied,feedback
I am happy with the service,feedback
Can you tell me my order details,query
I am not happy with the service,complaint
I want to file a complaint,complaint
Great service,feedback
I am not happy with the service,complaint
I want to file a complaint,complaint
Can you tell me my order details,query
Great service,feedback
I need support,request
Help me with this issue,request
I need assistance with payment,request
I need support,request
I want to file a complaint,complaint
Help me with this issue,request
Please help me,request
I want to file a complaint,complaint
Very satisfied,feedback
I want a refund,complaint
I am not happy with the service,complaint
Very disappointed with the service,complaint
I want a refund,complaint
Thank you very much,feedback
Help me with this issue,request
Thank you very much,feedback
I want to file a complaint,complaint
Track my order please,query
I am happy with the service,feedback
Very disappointed with the service,complaint
I am not happy with the service,complaint
Great service,feedback
I am not happy with the service,complaint
Can you tell me my order details,query
I need assistance with payment,request
I am not happy with the service,complaint
Great service,feedback
I need assistance with payment,request
Excellent support,feedback
I want to file a complaint,complaint
Thank you very much,feedback
Can you tell me my order details,query
Track my order please,query
This product is bad,complaint
I am not happy with the service,complaint
I am happy with the service,feedback
Can you help me reset my account,request
Please help me,request
Help me with this issue,request
Can you tell me my order details,query
I want to file a complaint,complaint
I am happy with the service,feedback
I need assistance with payment,request
I am not happy with the service,complaint
Can you help me reset my account,request
Very disappointed with the service,complaint
Where is my order,query
This product is bad,complaint
Great service,feedback
Great service,feedback
Can you tell me my order details,query
Great service,feedback
Can you help me reset my account,request
This product is bad,complaint
What is the delivery status,query
I am not happy with the service,complaint
Very satisfied,feedback
Please help me,request
Can you tell me my order details,query
Can you tell me my order details,query
Can you tell me my order details,query
Please help me,request
Can you tell me my order details,query
Help me with this issue,request
I am happy with the service,feedback
I need support,request
Track my order please,query
Excellent support,feedback
Can you tell me my order details,query
I need support,request
I want a refund,complaint
Please help me,request
Can you tell me my order details,query
Thank you very much,feedback
Where is my order,query
